layer_number,layer_name,package_name,status,entry_point,real_data_validated,db_persistence_verified,frontend_verified,evidence_file,reason
1,IPsec VPN Test Environment,layer01_test_environment,PARTIALLY_OPERATIONAL,app.layers.layer01_test_environment.service:EnvironmentService.get_layer_status,false,false,true,docs/verification/layer01_verification.md,"VirtualBox CLI bindings and network discovery verified on host, but physical guest VMs are offline in automated test environment."
2,Packet Capture & Data Collection,layer02_packet_capture,FULLY_OPERATIONAL,app.services.packet_service:packet_service.load,true,true,true,docs/verification/layer02_verification.md,"Successfully uploaded and parsed real 9,048-byte IPsec PCAP; chunking, magic headers, and capture ID verified."
3,Packet & Protocol Analysis,layer03_protocol_analysis,FULLY_OPERATIONAL,app.layers.layer03_protocol_analysis.service:ProtocolAnalysisService.analyze_capture,true,true,true,docs/verification/layer03_verification.md,"Decoded real IKEv2 exchanges, cryptographic proposals, and ESP sequence numbers without synthetic fallbacks."
4,Security State & SA Lifecycle Engine,layer04_sa_lifecycle,FULLY_OPERATIONAL,app.services.session_service:session_service.discover,true,true,true,docs/verification/layer04_verification.md,"Correlated 24 packets into bidirectional VPN session, reconstructed IKE/Child SA state machine, and persisted across 4 tables."
5,Feature Extraction & Engineering,layer05_feature_engineering,FULLY_OPERATIONAL,app.services.feature_service:feature_service.extract,true,true,true,docs/verification/layer05_verification.md,"Extracted 52 versioned numerical and categorical features across 6 categories from real session data."
6,Session Fingerprinting & Baseline Profiling,layer06_session_fingerprinting,FULLY_OPERATIONAL,app.services.baseline_service:baseline_service.create_or_build,true,true,true,docs/verification/layer06_verification.md,"Computed deterministic SHA-256 session signatures and compiled statistical multi-feature reference baselines."
7,Security Drift Detection,layer07_drift_detection,FULLY_OPERATIONAL,app.services.drift_service:drift_service.analyze,true,true,true,docs/verification/layer07_verification.md,"Executed z-score and categorical drift comparisons against reference baseline, validated preconditions, and saved results to SQLite."
8,AI / ML Anomaly Detection Engine,layer08_ai_ml,FULLY_OPERATIONAL,app.layers.layer08_ai_ml.service:AIAnomalyService.run_inference,true,true,true,docs/verification/layer08_verification.md,"Executed real joblib ML model (model_cicids_xgb_local.joblib) inference with preprocessing, scoring, and explainability."
9,Security Rule & Vulnerability Engine,layer09_vulnerability_engine,FULLY_OPERATIONAL,app.layers.layer09_vulnerability_engine.service:VulnerabilityService.analyze_session,true,true,true,docs/verification/layer09_verification.md,"Evaluated 20 built-in security rules across 7 categories against live protocol sessions, generated deduplicated findings with technical RFC evidence, and exported JSON reports."
10,Risk Assessment & Decision Engine,layer10_risk_engine,FULLY_OPERATIONAL,app.layers.layer10_risk_engine.service:RiskEngineService.evaluate_session,true,true,true,docs/verification/layer10_verification.md,"Evaluated deterministic 4-component risk formula [0, 100] with confidence scaling, recurrence damping, finding status triage, mandatory decision overrides, and advisory policy notice."
11,Security Databases (SQLite),layer11_database,FULLY_OPERATIONAL,app.layers.layer11_database.service:get_database_layer_service().verify_layer,true,true,true,docs/verification/layer11_verification.md,"Managed 26 SQLite architecture tables with active PRAGMA foreign_keys=ON, WAL mode, transaction rollback, and 100% Layer 1–10 pipeline persistence across separate sessions."
12,Backend & API (FastAPI),layer12_api,FULLY_OPERATIONAL,app.layers.layer12_api.service:get_api_layer_service().verify_layer,true,true,true,docs/verification/layer12_verification.md,"Dispatched 136 REST routes across 21 prefix groups and 128 unique OpenAPI-documented paths with zero duplicate operation IDs, strict Pydantic validation, uniform error envelopes, CORS preflight handling, and WebSocket event transport."
13,Web Dashboard,layer13_dashboard,FULLY_OPERATIONAL,app.layers.layer13_dashboard.service:dashboard_service.get_summary,true,true,true,docs/verification/layer13_verification.md,"Single-pane-of-glass React/Vite dashboard connecting to all 21 Layer 12 API prefix groups and /ws/events telemetry. Verified across 18 routes, 184 tests, 20/20 verification checks, zero secret leakage, and production bundle build."
14,Report Generation (PDF),layer14_reports,FULLY_OPERATIONAL,app.layers.layer14_reports.service:report_service.generate_report,true,true,true,docs/verification/layer14_verification.md,"14-section publication-grade PDF reporting engine with NumberedCanvas exact page count, factual data collection (Layers 01-13), path-traversal hardened storage, SQLite persistence, zero credential leakage, 23/23 dedicated tests, 24/24 verification checks, and 474/474 backend tests passing."
